<?xml version="1.0" encoding="utf-8" ?><dwsync><file name="bg-bar-white.png" server="dev.wearevi.com/httpdocs/ing-media.com/d/" local="3317104020" remote="3317104020" /><file name="bg-bar.png" server="dev.wearevi.com/httpdocs/ing-media.com/d/" local="3317104020" remote="3317104020" /><file name="bg-content-left.png" server="dev.wearevi.com/httpdocs/ing-media.com/d/" local="3317647305" remote="1940148915466618840" /><file name="bg-content-right.png" server="dev.wearevi.com/httpdocs/ing-media.com/d/" local="3317647320" remote="1940148915466618840" /><file name="bg-content.png" server="dev.wearevi.com/httpdocs/ing-media.com/d/" local="3317648159" remote="1904845761762249504" /><file name="bg-navigation-item-hover.png" server="dev.wearevi.com/httpdocs/ing-media.com/d/" local="3317104020" remote="3317104020" /><file name="bg-navigation-item.png" server="dev.wearevi.com/httpdocs/ing-media.com/d/" local="3317104020" remote="3317104020" /><file name="bg-navigation.png" server="dev.wearevi.com/httpdocs/ing-media.com/d/" local="3317647316" remote="1940148915466618840" /><file name="bg-tab.png" server="dev.wearevi.com/httpdocs/ing-media.com/d/" local="3317104020" remote="3317104020" /><file name="body.png" server="dev.wearevi.com/httpdocs/ing-media.com/d/" local="3317647310" remote="1940148915466618840" /><file name="gradient-inner.png" server="dev.wearevi.com/httpdocs/ing-media.com/d/" local="3317104020" remote="3317104020" /><file name="menu-collapsed.gif" server="dev.wearevi.com/httpdocs/ing-media.com/d/" local="3317104020" remote="3317104020" /><file name="menu-expanded.gif" server="dev.wearevi.com/httpdocs/ing-media.com/d/" local="3317104020" remote="3317104020" /><file name="menu-leaf.gif" server="dev.wearevi.com/httpdocs/ing-media.com/d/" local="3317104020" remote="3317104020" /></dwsync>